Los Angeles, A business unit
San Francisco, A business unit
New York, A business unit
Denver, A business unit
San Diego, A business unit
Raleigh, A business unit
Boston, A business unit
Washington DC, A business unit
Portland, A business unit
Austin, A business unit
Dallas, A business unit
Little Rock, A business unit
Sacramento, A business unit
Los Vegas, A business unit
Phonix, A business unit
Chicago, A business unit
Boulder, A business unit
Kansas, A business unit
Oaklahoma, A business unit
Sydney, A business unit
Adelaide, A business unit
Melbourne, A business unit
Brisbane, A business unit
Gold Coast, A business unit
Darwin, A business unit
Canberra, A business unit
Hobart, A business unit
Perth, A business unit
Golbourne, A business unit
Auckland, A business unit
Christchurch, A business unit
Wellington, A business unit
Dunedin, A business unit
Rotarua, A business unit
